consent.fullName,consent.agreeToProcess,consent.agreeToPublishFamilyBook,consent.agreeToShareFamilyMembers,consent.agreeToPublishText,consent.agreeToPublishPhotos,consent.privacyLevel,consent.specialRestrictions,respondent.lastName,respondent.firstName,respondent.middleName,respondent.maidenName,respondent.nicknames,respondent.birthDate.date,respondent.birthDate.isApproximate,respondent.birthDate.dateRange,respondent.birthPlace.settlementType,respondent.birthPlace.historicalName,respondent.birthPlace.region,respondent.birthPlace.countryAtTime,respondent.contact.phone,respondent.contact.email,respondent.contact.address,parents.father.names.lastName,parents.father.names.firstName,parents.father.names.middleName,parents.father.lifeYears.birthDate.date,parents.father.lifeYears.deathDate.date,parents.father.lifeYears.birthPlace.historicalName,parents.father.lifeYears.birthPlace.countryAtTime,parents.father.profession.mainOccupation,parents.father.keyEvents.militaryService,parents.father.keyEvents.warParticipation,parents.father.character,parents.mother.names.maidenName,parents.mother.names.firstName,parents.mother.names.middleName,parents.mother.lifeYears.birthDate.date,parents.mother.lifeYears.deathDate.date,parents.mother.lifeYears.birthPlace.historicalName,parents.mother.lifeYears.birthPlace.countryAtTime,parents.mother.profession.mainOccupation,parents.mother.character,grandparents.paternalGrandfather.names.lastName,grandparents.paternalGrandfather.names.firstName,grandparents.paternalGrandfather.names.middleName,grandparents.paternalGrandfather.lifeYears.birthDate.date,grandparents.paternalGrandfather.lifeYears.birthPlace.historicalName,grandparents.paternalGrandfather.socialStatus.estate,grandparents.paternalGrandfather.profession.mainOccupation,grandparents.paternalGrandfather.character,grandparents.paternalGrandmother.names.lastName,grandparents.paternalGrandmother.names.firstName,grandparents.paternalGrandmother.names.middleName,grandparents.paternalGrandmother.lifeYears.birthDate.date,grandparents.paternalGrandmother.lifeYears.birthPlace.historicalName,grandparents.paternalGrandmother.socialStatus.estate,grandparents.paternalGrandmother.profession.mainOccupation,grandparents.paternalGrandmother.character,grandparents.maternalGrandfather.names.lastName,grandparents.maternalGrandfather.names.firstName,grandparents.maternalGrandfather.names.middleName,grandparents.maternalGrandfather.lifeYears.birthDate.date,grandparents.maternalGrandfather.lifeYears.birthPlace.historicalName,grandparents.maternalGrandfather.socialStatus.estate,grandparents.maternalGrandfather.profession.mainOccupation,grandparents.maternalGrandfather.character,grandparents.maternalGrandmother.names.lastName,grandparents.maternalGrandmother.names.firstName,grandparents.maternalGrandmother.names.middleName,grandparents.maternalGrandmother.lifeYears.birthDate.date,grandparents.maternalGrandmother.lifeYears.birthPlace.historicalName,grandparents.maternalGrandmother.socialStatus.estate,grandparents.maternalGrandmother.profession.mainOccupation,grandparents.maternalGrandmother.character,places.migrationPlaces,traditions.holidays.mainHolidays,traditions.holidays.rituals,traditions.cuisine.signatureDishes,traditions.cuisine.recipes,traditions.religion.denomination,traditions.religion.practices,traditions.stories.legends,traditions.stories.memorableEvents,traditions.heirlooms.items,traditions.heirlooms.history,traditions.language.mainLanguage,traditions.language.dialectWords
"Тестовый Тест Тестович",true,true,true,true,true,"только для семьи","Тестовый комментарий про особые ограничения","Тестовый","Тест","Тестович","","[]","1991-05-14",false,"","город","Москва","Московская область","СССР","","","","","","","","","","","","","","","","","","","","","","","","","","","","","","","","","","","","","","","","","","","","","","","","","","","","","","","","[]","","","","","","","","","","","",""
"Иванов Иван Иванович",true,true,true,true,true,"только для семьи","проверка","Иванов","Иван","Иванович","","[]","1989-11-12",false,"город","Ленинград","Ленинградская область","СССР","","","","","","","","","","","","","","","","","","","","","","","","","","","","","","","","","","","","","","","","","","","","","","","","","","","","","","","","","","","","","","","","","","","","","","","","","","","","","","","","","","","","","","","","[{""year"":"""",""place"":{""historicalName"":"""",""countryAtTime"":""""},""reason"":""""}]"
"Проверка Петя Василич",true,false,false,true,false,"только для семьи","","Тестовый","Тест","Тестович","","[]","1988-12-11",false,"станица","Куца","Московская","СССР","","","","","","","","","","","","","","","","","","","","","","","","","","","","","","","","[]","","","","","","","","","","","",""
"Петр ",true,true,true,true,true,"для книги","","Петров","Иван ","Иваныч","Ксения Майер","[]","1994-10-29",false,"село","Бобруйск","","Ссср","","","","","","","","","","","","","","","","","","","","","","","","","","","","","","","","","","","","","","","","","","","","","","","","","","","","","","","","","","","","","","","","","","","","","","","","","","","","","","","","","","","","","","","","","","","","","","[{""year"":"""",""place"":{""historicalName"":"""",""countryAtTime"":""""},""reason"":""""}]","","","","","","","","","","","",""
"Проверка Связи2",true,false,false,true,false,"только для семьи","","Personal","Mikhail","Lanin","","[]","1988-11-11",false,"город","Москва","","СССР","","","","","","","","","","","","","","","","","","","","","","","","","","","","","","","","[]"
"Проверка Связи3",true,true,false,true,false,"только для семьи","123333","Проверка","Отображения","Предпросмотра2","","[]","1977-10-10",true,"","Москва","","СССР","","","","","","","","","","","","","","","","","","","","","","","","","","","","","","","","[]"
"Проверка Связи4",true,false,false,true,false,"для книги","11111","yashkinSun","Mikhail","Предпросмотра","","[]","1899-11-11",false,"Москва","","Грузия","+995595043356","manjahara67@tutamail.com","S. Inasaridze, 13, 127","","","","","","","","","","","","","","","","","","","","","","","","","","","","","[]"
"Петров Петр Петрович",true,false,false,true,false,"для книги","Проверка номер 4 после патча ","Проверка","Отображения","Предпросмотра","","[]","1999-09-09",false,"город","Москва","Ленинградская","Россия","+79153302424","test@testuser.ru","Город Москва, ул Петровская дом 15","Brown","Kevin","Петрович","1905-11-11","1985-10-10","Село Петрово","Грузия","Школа 904 города Петровск
Институт Кевин-Университи","Плотник 4 разряда","Достижения плотника ","ВС 91154 ВДВ РФ","Не участвовал","Веселый и добрый","Есть фотография - ТУТ ОПИСАНИЕ 
Есть документ - ТУТ ОПИСАНИЕ

ТЕкст после пробела                                              Текст в одной строке после пробела","Жизненные истории и допп информация
Жизненные истории и допп информация","Проверка","Отображения","Предпросмотра","1944-05-08","1999-04-07","Деревня Домбино","Россия","Школа в деревне Домбино","Учитель начальных классов","Здесь текст о достижениях учителя","Добрая веселая учительница ","Архивы и фото будут предлодены","Жизненные истории и допп информацияЖизненные истории и допп информацияЖизненные истории и допп информация","Проверка","Отображения","Предпросмотра","","","Неизвестно","Крестьяне","Агроном","","","","Диплом лучшего Агронома","","","","4443","Проверка","Отображения","Предпросмотра","1922-01-01","","Техникум номер 554","Дворяне","","","","Неизвестны","Нет","","","Жизненные истории и допп информация","Дедушкамам","Отображения","Предпросмотра","","","","","","","","","","","","","Бабушкамам","Проверка","Отображения","Предпросмотра","","","","","","","","Был реппрессирован в 1934","","","","Жизненные истории и допп информация","[{""year"":""1950-1960"",""place"":{""historicalName"":""Иерусалим"",""countryAtTime"":""Израель""},""reason"":""Обстоятельства переезда ""}]","Здесь что то о праздниках ","Здесь что то о ритуалах","Здесь кулинарные блюда","Здесь рецепты","Православие","Мольба","Легенда номер 1, легенда номер 2


После пробела легенда номер 3 ","Победа в Лотерее в 1985 году","Ложка из золота","Неизвестно , ориентировочно 1905 год","Русский","Нет"
"Петров Петр Петрович",true,true,true,false,true,"для книги","Проверка поляс доп информацией","Петров","Петр","Петрович","","[]","1955-06-11",false,"город","Ленинград","Ленинградская","СССР","+79153302424","test@testuser.ru","Город Москва, ул Петровская дом 15","","","","","","","","","","","","","","","","","","","","","","","","","","","","","[]"
"Петров Петр Петрович2",true,true,false,true,false,"только для семьи","Проверка патча на additional info ","Петров","Петр","Петрович","","[]","1992-03-03",false,"Ленинград","Ленинградская","СССР","+79153302424","email@email.ru","Город Москва, ул Петровская дом 15","","","","","","","","","","","","","","","","","","","","","","","","","","","","","[]","Праздник Урожая","Сжечь куст пшеницы на праздник урожая ","","","","","","","","","",""
"Тестовое Заполнение Проверка",true,true,false,true,false,"для книги","Нет","Проверка","Отображения","Предпросмотра","","[]","1977-11-11",false,"село","Москва","Ленинградская","Россия","","test@testuser.ru","Город Москва, ул Петровская дом 15","","","","","","","","","","","","","","","","","","","","","","","","","","","","","[]","Здесь какой то семейный праздник","Здесь какой то ритуал","","","","","","","","","",""
"Тестовое Заполнение Проверка",true,false,true,true,true,"для книги","проверка новая ","Проверка","Отображения","Предпросмотра","","[]","1993-03-03",false,"станица","Ленинград","Ленинградская","Россия","","test@testuser.ru","Город Москва, ул Петровская дом 15","","","","","","","","","","","","","","","","","","","","","","","","","","","","","[]","Тут какой то текст дополнительной информации
Тут какой то текст дополнительной информации
Тут какой то текст дополнительной информации

Тут какой то текст дополнительной информации после пробела
Тут какой то текст дополнительной информации после пробела"
"Тестовое Заполнение Проверка222",true,true,true,true,false,"можно публиковать открыто","Ysdasdasd","Петров","Петр","Петрович","","[""Собака Сутулая""]","1992-01-01",false,"село","Москва","Ленинградская","Грузия","+79153302424","email@email.ru","Город Москва, ул Петровская дом 15","","","","","","","","","","","","","","","","","","","","","","","","","","","","","","","","","","","","","","","","","","","","","","","","","","","","","","","","","","","","","","","","","","","","","","","","","","","","","","","","","","","","","","","","","","","[]","ПраздникНомер Один","Ритуал Номер !1","","","","","","","","","","","Текст доп информации

текст доп информации после пробела"
"Петр Петрович Петров",true,true,true,true,true,"для книги","Нененену","Петрович","Петрп","Петров","","[]","1992-02-11",false,"город","Москва","Московская ","СССР","","","","","","","","","","","","","","","","","","","","","","","","","","","","","","","","[]","Здесь доп инфо какое то 

Здесь доп инфо после пробела "
"Проверка Связи",true,false,false,true,true,"можно публиковать открыто","ывфывыв","Дедушкамам","Отображения","Предпросмотра","","[]","1994-03-03",false,"город","Москва","Ленинградская","Грузия","","","","","","","","","","","","","","","","","","","","","","","","","","","","","","","","[]","ывфывфывфывфывфыв"
"Тестовое Заполнение Проверка",true,true,true,false,true,"для книги","текст текст текст","Brown","Kevin","Петрович","","[]","1910-10-10",false,"Москва","Ленинградская","ССР","","","","","","","","","","","","","","","","","","","","","","","","","","","","","","","","[]","Какойто праздник","Какойто ритуал","","","","","","","","","","","Какой то текст в шаге 9 доп информации"
"Тестовое Заполнение Проверка",true,true,false,true,true,"можно публиковать открыто","test test","yashkinSun","Kevin","Петрович","","[]","1988-11-11",false,"Москва","Ленинградская","Грузия","","manjahara67@tutamail.com","","","","","","","","","","","","","","","","","","","","","","","","","","","","","","[]","test teest teest"
"Проверка Связи",true,true,false,false,true,"для книги","12122","yashkinSun","Kevin","Петрович","","[]","1988-11-11",false,"Москва","","Грузия","","manjahara67@tutamail.com","","","","","","","","","","","","","","","","","","","","","","","","","","","","","","[]","tsettteetet tetetet tetetet"
"Петров Петр Петрович",true,true,false,false,true,"для книги","test","Personal","Mikhail","Lanin","","[]","1988-10-10",false,"город","Москва","Ленинградская","Грузия","","","","","","","","","","","","","","","","","","","","","","","","","","","","","","","","[]","test add test "
"Петров Петр Петрович",true,true,true,true,true,"для книги","Текст об особых ограничениях","Петров","Петр","Петрович","(ДевФамилия)","[""Прозвище1""]","1974-06-12",false,"город","Ленинград","Ленинградская","СССР","+79153302424","test@testuser.ru","Почтовый Адрес - г. Кудрово, ул. Петрова, дом 14, кв 16","Петров","Петр","Иванович","1951-10-10","","Село Петрово","СССР","Школа 34 города Петровск","Плотник","Собрал стул","ВС 552 Псковская","Нет","Веселый","Есть документ 1, фото 14, скан 099","История и мудрость","Марушкина","Елена","Владимировна","1954-03-09","","Новый Южный Уэльс","Австралия","Hight School Maritime, New Wales, Australia","Учитель начальных классов","Учитель года 1972","Хобби собирать бабочек","Документы 1,2,3","Допп информация мать","Проверка","Отображения","Предпросмотра","1994-03-03","Владимир","Техникум 109 город Владимир","Крестьяне","Профессия деда по отцу","Служба деда по отцу","Войны деда по отцу","Сведения о респрессиях деда по отцу","Различные ачивки деда по отцу","Истории деда по отцу","Документы деда по отцу","Комментарии про деда по отцу","Бабулита","Проверка","Отображения","Предпросмотра","1884-04-04","Дублин","Образование бабушки по отцу","Сословие бабушки по отцу","Профессия бабушки по отцу","Служба бабушки по отцу","Войны бабушки по отцу","Реппрессии бабушки по отцу","Ачивки бабушки по отцу","Истории бабушки по отцу","Документы бабушки по отцу","Доп Инфо бабушки по отцу","Проверка","Отображения","Предпросмотра","1942-03-03","город Владово","Образование дедушки по матери","Сословие дедушки по матери","Профессия дедушки по матери","Служба дедушки по матери","Войны дедушки по матери","Репрессии дедушки по матери","Ачивки дедушки по матери","Истории дедушки по матери","Документы дедушки по матери","Комментарии дедушки по матери","Бабулитомамус","Проверка","Отображения","Предпросмотра","1945-05-05","Лондон","Образование бабушки по маме","Сословие бабушки по маме","Профессия бабушки по маме","Служба бабушки по маме","Войны бабушки по маме","Репрессии бабушки по маме","Ачивки бабушки по маме","Истории бабушки по маме","Документы бабушки по маме","Информация бабушки по маме","[{""year"":""1954-1988"",""place"":{""historicalName"":""Ленинград"",""countryAtTime"":""СССР""},""reason"":""Там было хорошо""},{""year"":""1934-1954"",""place"":{""historicalName"":""Альметьевск"",""countryAtTime"":""СССР""},""reason"":""Тамб ыло холодно""}]","Здесь семейные праздники","Здесь ритуалы","Фирменные блюда","Семейные рецепты","Православие","Практики религиозные","Легенда 1
Легенда 2","Событие 1
Событие 2","Реликвия 1
Реликвия 2","История реликвии 1
История реликвии 2","Русский","Диалектные слова","Здесь длинный свободный текст Здесь длинный свободный текст Здесь длинный свободный текст Здесь длинный свободный текст Здесь длинный свободный текст Здесь длинный свободный текст Здесь длинный свободный текст Здесь длинный свободный текст Здесь длинный свободный текст Здесь длинный свободный текст Здесь длинный свободный текст Здесь длинный свободный текст Здесь длинный свободный текст Здесь длинный свободный текст Здесь длинный свободный текст Здесь длинный свободный текст Здесь длинный свободный текст Здесь длинный свободный текст Здесь длинный свободный текст Здесь длинный свободный текст Здесь длинный свободный текст Здесь длинный свободный текст Здесь длинный свободный текст Здесь длинный свободный текст Здесь длинный свободный текст Здесь длинный свободный текст Здесь длинный свободный текст Здесь длинный свободный текст Здесь длинный свободный текст Здесь длинный свободный текст Здесь длинный свободный текст Здесь длинный свободный текст Здесь длинный свободный текст Здесь длинный свободный текст Здесь длинный свободный текст Здесь длинный свободный текст Здесь длинный свободный текст Здесь длинный свободный текст Здесь длинный свободный текст Здесь длинный свободный текст Здесь длинный свободный текст Здесь длинный свободный текст Здесь длинный свободный текст Здесь длинный свободный текст Здесь длинный свободный текст Здесь длинный свободный текст Здесь длинный свободный текст Здесь длинный свободный текст Здесь длинный свободный текст Здесь длинный свободный текст Здесь длинный свободный текст Здесь длинный свободный текст Здесь длинный свободный текст Здесь длинный свободный текст Здесь длинный свободный текст Здесь длинный свободный текст Здесь длинный свободный текст Здесь длинный свободный текст Здесь длинный свободный текст Здесь длинный свободный текст Здесь длинный свободный текст Здесь длинный свободный текст Здесь длинный свободный текст Здесь длинный свободный текст Здесь длинный свободный текст Здесь длинный свободный текст Здесь длинный свободный текст Здесь длинный свободный текст Здесь длинный свободный текст Здесь длинный свободный текст Здесь длинный свободный текст Здесь длинный свободный текст Здесь длинный свободный текст Здесь длинный свободный текст Здесь длинный свободный текст Здесь длинный свободный текст Здесь длинный свободный текст Здесь длинный свободный текст Здесь длинный свободный текст Здесь длинный свободный текст Здесь длинный свободный текст Здесь длинный свободный текст Здесь длинный свободный текст Здесь длинный свободный текст Здесь длинный свободный текст Здесь длинный свободный текст Здесь длинный свободный текст Здесь длинный свободный текст Здесь длинный свободный текст Здесь длинный свободный текст Здесь длинный свободный текст Здесь длинный свободный текст Здесь длинный свободный текст Здесь длинный свободный текст Здесь длинный свободный текст Здесь длинный свободный текст Здесь длинный свободный текст Здесь длинный свободный текст Здесь длинный свободный текст Здесь длинный свободный текст Здесь длинный свободный текст Здесь длинный свободный текст Здесь длинный свободный текст Здесь длинный свободный текст Здесь длинный свободный текст Здесь длинный свободный текст Здесь длинный свободный текст Здесь длинный свободный текст Здесь длинный свободный текст Здесь длинный свободный текст Здесь длинный свободный текст Здесь длинный свободный текст Здесь длинный свободный текст Здесь длинный свободный текст Здесь длинный свободный текст Здесь длинный свободный текст Здесь длинный свободный текст Здесь длинный свободный текст Здесь длинный свободный текст Здесь длинный свободный текст Здесь длинный свободный текст Здесь длинный свободный текст Здесь длинный свободный текст Здесь длинный свободный текст Здесь длинный свободный текст Здесь длинный свободный текст Здесь длинный свободный текст Здесь длинный свободный текст Здесь длинный свободный текст Здесь длинный свободный текст Здесь длинный свободный текст Здесь длинный свободный текст Здесь длинный свободный текст Здесь длинный свободный текст Здесь длинный свободный текст Здесь длинный свободный текст Здесь длинный свободный текст Здесь длинный свободный текст Здесь длинный свободный текст Здесь длинный свободный текст Здесь длинный свободный текст Здесь длинный свободный текст Здесь длинный свободный текст Здесь длинный свободный текст Здесь длинный свободный текст Здесь длинный свободный текст Здесь длинный свободный текст Здесь длинный свободный текст Здесь длинный свободный текст Здесь длинный свободный текст Здесь длинный свободный текст Здесь длинный свободный текст Здесь длинный свободный текст Здесь длинный свободный текст Здесь длинный свободный текст Здесь длинный свободный текст Здесь длинный свободный текст Здесь длинный свободный текст Здесь длинный свободный текст Здесь длинный свободный текст Здесь длинный свободный текст Здесь длинный свободный текст Здесь длинный свободный текст Здесь длинный свободный текст Здесь длинный свободный текст Здесь длинный свободный текст Здесь длинный свободный текст Здесь длинный свободный текст Здесь длинный свободный текст Здесь длинный свободный текст Здесь длинный свободный текст Здесь длинный свободный текст Здесь длинный свободный текст Здесь длинный свободный текст Здесь длинный свободный текст Здесь длинный свободный текст Здесь длинный свободный текст Здесь длинный свободный текст Здесь длинный свободный текст Здесь длинный свободный текст Здесь длинный свободный текст Здесь длинный свободный текст Здесь длинный свободный текст Здесь длинный свободный текст Здесь длинный свободный текст Здесь длинный свободный текст Здесь длинный свободный текст Здесь длинный свободный текст Здесь длинный свободный текст Здесь длинный свободный текст Здесь длинный свободный текст Здесь длинный свободный текст Здесь длинный свободный текст Здесь длинный свободный текст Здесь длинный свободный текст Здесь длинный свободный текст Здесь длинный свободный текст Здесь длинный свободный текст Здесь длинный свободный текст Здесь длинный свободный текст Здесь длинный свободный текст Здесь длинный свободный текст Здесь длинный свободный текст Здесь длинный свободный текст Здесь длинный свободный текст Здесь длинный свободный текст Здесь длинный свободный текст Здесь длинный свободный текст Здесь длинный свободный текст Здесь длинный свободный текст Здесь длинный свободный текст Здесь длинный свободный текст Здесь длинный свободный текст Здесь длинный свободный текст Здесь длинный свободный текст Здесь длинный свободный текст Здесь длинный свободный текст Здесь длинный свободный текст Здесь длинный свободный текст Здесь длинный свободный текст Здесь длинный свободный текст Здесь длинный свободный текст Здесь длинный свободный текст Здесь длинный свободный текст Здесь длинный свободный текст Здесь длинный свободный текст Здесь длинный свободный текст Здесь длинный свободный текст Здесь длинный свободный текст Здесь длинный свободный текст Здесь длинный свободный текст Здесь длинный свободный текст Здесь длинный свободный текст Здесь длинный свободный текст Здесь длинный свободный текст Здесь длинный свободный текст Здесь длинный свободный текст Здесь длинный свободный текст Здесь длинный свободный текст Здесь длинный свободный текст Здесь длинный свободный текст Здесь длинный свободный текст Здесь длинный свободный текст Здесь длинный свободный текст Здесь длинный свободный текст Здесь длинный свободный текст Здесь длинный свободный текст Здесь длинный свободный текст Здесь длинный свободный текст Здесь длинный свободный текст Здесь длинный свободный текст Здесь длинный свободный текст Здесь длинный свободный текст Здесь длинный свободный текст Здесь длинный свободный текст Здесь длинный свободный текст Здесь длинный свободный текст Здесь длинный свободный текст Здесь длинный свободный текст Здесь длинный свободный текст Здесь длинный свободный текст Здесь длинный свободный текст Здесь длинный свободный текст Здесь длинный свободный текст Здесь длинный свободный текст Здесь длинный свободный текст Здесь длинный свободный текст Здесь длинный свободный текст Здесь длинный свободный текст Здесь длинный свободный текст Здесь длинный свободный текст Здесь длинный свободный текст Здесь длинный свободный текст Здесь длинный свободный текст Здесь длинный свободный текст Здесь длинный свободный текст Здесь длинный свободный текст Здесь длинный свободный текст Здесь длинный свободный текст Здесь длинный свободный текст Здесь длинный свободный текст Здесь длинный свободный текст Здесь длинный свободный текст Здесь длинный свободный текст Здесь длинный свободный текст Здесь длинный свободный текст Здесь длинный свободный текст Здесь длинный свободный текст Здесь длинный свободный текст Здесь длинный свободный текст Здесь длинный свободный текст Здесь длинный свободный текст Здесь длинный свободный текст Здесь длинный свободный текст Здесь длинный свободный текст Здесь длинный свободный текст Здесь длинный свободный текст Здесь длинный свободный текст Здесь длинный свободный текст Здесь длинный свободный текст Здесь длинный свободный текст Здесь длинный свободный текст Здесь длинный свободный текст Здесь длинный свободный текст Здесь длинный свободный текст Здесь длинный свободный текст Здесь длинный свободный текст Здесь длинный свободный текст Здесь длинный свободный текст Здесь длинный свободный текст Здесь длинный свободный текст Здесь длинный свободный текст Здесь длинный свободный текст Здесь длинный свободный текст Здесь длинный свободный текст Здесь длинный свободный текст "
"Петров Петр Петрович",true,true,false,true,true,"только для семьи","Текст ограничений","Дедушкамам","Отображения","Предпросмотра","","[]","1988-11-11",false,"село","Москва","Ленинградская","Грузия","","","","","","","","","","","","","","","","","","","","","","","","","","","","","","","","yes","[{""names"":{""lastName"":""Brown"",""firstName"":""Kevin"",""middleName"":""Петрович""},""birthDate"":{""date"":""""},""birthPlace"":{""historicalName"":""""},""relationship"":""родной брат"",""occupation"":"""",""achievements"":"""",""familyStories"":"""",""additionalComments"":"""",""documents"":""""},{""names"":{""lastName"":""Сестра"",""firstName"":""Отображения"",""middleName"":""Предпросмотра""},""birthDate"":{""date"":""""},""birthPlace"":{""historicalName"":""""},""relationship"":""сводная сестра"",""occupation"":"""",""achievements"":"""",""familyStories"":"""",""additionalComments"":"""",""documents"":""""}]","","","","","","","","","","","","","","","","","","","","","","","","","","","","","","","","","","","","","","","","","","","","","","","","","","","","","","","","","","","","","","","yes","[{""names"":{""lastName"":""Kevin"",""maidenName"":""Brown"",""firstName"":""Kevin Петрович Brown"",""middleName"":""Kevin Петрович Brown""},""lifeYears"":{""birthDate"":{""date"":""""},""birthPlace"":{""historicalName"":""Деревня Домбино""}},""socialStatus"":{""estate"":""""},""profession"":{""mainOccupation"":""""},""education"":""Колледж ппетровский"",""militaryService"":"""",""warParticipation"":"""",""repressions"":"""",""achievements"":"""",""character"":"""",""additionalInfo"":"""",""relationship"":""Праппрадед по отцу"",""documents"":""""},{""names"":{""lastName"":""Лубинова"",""maidenName"":""Проверка"",""firstName"":""Отображения"",""middleName"":""Предпросмотра""},""lifeYears"":{""birthDate"":{""date"":""1992-02-11"",""isApproximate"":true},""birthPlace"":{""historicalName"":""Владимирово""}},""socialStatus"":{""estate"":""""},""profession"":{""mainOccupation"":""""},""education"":"""",""militaryService"":"""",""warParticipation"":"""",""repressions"":""Репрессии двоюродного дяди"",""achievements"":"""",""character"":"""",""additionalInfo"":"""",""relationship"":""Двоюродный дядя"",""documents"":""""}]","[]",""
"Петров Петр Петрович",true,true,true,true,true,"только для семьи","Ограничений нет","Проверка","Отображения","Предпросмотра","","[""Бублик"",""Бульбашик""]","1889-05-04",false,"Москва","Московская","Российская Импперия","+79153302424","email@email.ru","Город Москва, ул Петровская дом 15","Петров","Петр","Петрович","1889-05-04","1944-06-04","Село Петрово","Грузия","Образование Отца","Профессия Отца","Ачивки Отца","СЛужба отца","Войны отца","Увлечения Отца","Документы отца","Доп. сведения длинные с ра??зны??ми симво$$ллами! Доп. сведения длинные с ра??зны??ми симво$$ллами! Доп. сведения длинные с ра??зны??ми симво$$ллами! Доп. сведения длинные с ра??зны??ми симво$$ллами! Доп. сведения длинные с ра??зны??ми симво$$ллами! Доп. сведения длинные с ра??зны??ми симво$$ллами! Доп. сведения длинные с ра??зны??ми симво$$ллами! Доп. сведения длинные с ра??зны??ми симво$$ллами! Доп. сведения длинные с ра??зны??ми симво$$ллами! Доп. сведения длинные с ра??зны??ми симво$$ллами! Доп. сведения длинные с ра??зны??ми симво$$ллами! Доп. сведения длинные с ра??зны??ми симво$$ллами! Доп. сведения длинные с ра??зны??ми симво$$ллами! Доп. сведения длинные с ра??зны??ми симво$$ллами! Доп. сведения длинные с ра??зны??ми симво$$ллами! Доп. сведения длинные с ра??зны??ми симво$$ллами! Доп. сведения длинные с ра??зны??ми симво$$ллами! Доп. сведения длинные с ра??зны??ми симво$$ллами! Доп. сведения длинные с ра??зны??ми симво$$ллами! Доп. сведения длинные с ра??зны??ми симво$$ллами! Доп. сведения длинные с ра??зны??ми симво$$ллами! Доп. сведения длинные с ра??зны??ми симво$$ллами! Доп. сведения длинные с ра??зны??ми симво$$ллами! Доп. сведения длинные с ра??зны??ми симво$$ллами! Доп. сведения длинные с ра??зны??ми симво$$ллами! Доп. сведения длинные с ра??зны??ми симво$$ллами! Доп. сведения длинные с ра??зны??ми симво$$ллами! Доп. сведения длинные с ра??зны??ми симво$$ллами! Доп. сведения длинные с ра??зны??ми симво$$ллами! Доп. сведения длинные с ра??зны??ми симво$$ллами! Доп. сведения длинные с ра??зны??ми симво$$ллами! Доп. сведения длинные с ра??зны??ми симво$$ллами! Доп. сведения длинные с ра??зны??ми симво$$ллами! Доп. сведения длинные с ра??зны??ми симво$$ллами! Доп. сведения длинные с ра??зны??ми симво$$ллами! Доп. сведения длинные с ра??зны??ми симво$$ллами! Доп. сведения длинные с ра??зны??ми симво$$ллами! Доп. сведения длинные с ра??зны??ми симво$$ллами! Доп. сведения длинные с ра??зны??ми симво$$ллами! Доп. сведения длинные с ра??зны??ми симво$$ллами! Доп. сведения длинные с ра??зны??ми симво$$ллами! Доп. сведения длинные с ра??зны??ми симво$$ллами! Доп. сведения длинные с ра??зны??ми симво$$ллами! Доп. сведения длинные с ра??зны??ми симво$$ллами! Доп. сведения длинные с ра??зны??ми симво$$ллами! Доп. сведения длинные с ра??зны??ми симво$$ллами! Доп. сведения длинные с ра??зны??ми симво$$ллами! Доп. сведения длинные с ра??зны??ми симво$$ллами! Доп. сведения длинные с ра??зны??ми симво$$ллами! ","Валиева","Мария","Петровна","1992-05-04","2342-05-04","Новый Южный Уэльс","Австралия","Образование мать","Провессия Мать","Достижения Мать","Характер мать","Документы мать","Доп. сведения длинные с ра??зны??ми симво$$ллами! Теперь проверим слэши и табуляци \\|| \\ /// здесь было два слэшка две палки два слэшка и три обратных слэша. 
А теперь ппросто текст ","yes","[{""names"":{""lastName"":""Brown"",""firstName"":""Kevin"",""middleName"":""Петрович""},""birthDate"":{""date"":""1677-03-03""},""birthPlace"":{""historicalName"":""Москва""},""relationship"":""двоюродный брат"",""occupation"":""Профессия двоюродного барта"",""achievements"":""Ачивки "",""familyStories"":""Истории "",""additionalComments"":""Информация случайная Информация случайная Информация случайная Информация случайная Информация случайная "",""documents"":""Документы""},{""names"":{""lastName"":""Марушкина"",""firstName"":""Елена"",""middleName"":""Владимировна""},""birthDate"":{""date"":""1444-05-05""},""birthPlace"":{""historicalName"":""""},""relationship"":""сводная сестра"",""occupation"":""Профессия сводной сестры"",""achievements"":"""",""familyStories"":"""",""additionalComments"":"""",""documents"":""""}]","Дедотцов","Дедотца","Дедотцович","1774-12-08","Владимир","Образование дедотца","","Профессия дедотца","","Войны дедотца","репрессии дедотца","ачивки дедотца","Истории дедотца","Документы дедотца","Доп инфо дедотца длинное Доп инфо дедотца длинное Доп инфо дедотца длинное Доп инфо дедотца длинное Доп инфо дедотца длинное Доп инфо дедотца длинное Доп инфо дедотца длинное Доп инфо дедотца длинное Доп инфо дедотца длинное Доп инфо дедотца длинное Доп инфо дедотца длинное Доп инфо дедотца длинное Доп инфо дедотца длинное Доп инфо дедотца длинное Доп инфо дедотца длинное Доп инфо дедотца длинное Доп инфо дедотца длинное Доп инфо дедотца длинное Доп инфо дедотца длинное Доп инфо дедотца длинное Доп инфо дедотца длинное Доп инфо дедотца длинное Доп инфо дедотца длинное Доп инфо дедотца длинное Доп инфо дедотца длинное Доп инфо дедотца длинное Доп инфо дедотца длинное Доп инфо дедотца длинное Доп инфо дедотца длинное Доп инфо дедотца длинное Доп инфо дедотца длинное Доп инфо дедотца длинное Доп инфо дедотца длинное Доп инфо дедотца длинное Доп инфо дедотца длинное Доп инфо дедотца длинное Доп инфо дедотца длинное Доп инфо дедотца длинное Доп инфо дедотца длинное Доп инфо дедотца длинное Доп инфо дедотца длинное Доп инфо дедотца длинное Доп инфо дедотца длинное Доп инфо дедотца длинное Доп инфо дедотца длинное Доп инфо дедотца длинное Доп инфо дедотца длинное Доп инфо дедотца длинное Доп инфо дедотца длинное Доп инфо дедотца длинное Доп инфо дедотца длинное Доп инфо дедотца длинное Доп инфо дедотца длинное Доп инфо дедотца длинное Доп инфо дедотца длинное Доп инфо дедотца длинное Доп инфо дедотца длинное Доп инфо дедотца длинное Доп инфо дедотца длинное Доп инфо дедотца длинное Доп инфо дедотца длинное Доп инфо дедотца длинное Доп инфо дедотца длинное Доп инфо дедотца длинное Доп инфо дедотца длинное Доп инфо дедотца длинное Доп инфо дедотца длинное Доп инфо дедотца длинное Доп инфо дедотца длинное Доп инфо дедотца длинное Доп инфо дедотца длинное Доп инфо дедотца длинное Доп инфо дедотца длинное Доп инфо дедотца длинное Доп инфо дедотца длинное Доп инфо дедотца длинное Доп инфо дедотца длинное Доп инфо дедотца длинное Доп инфо дедотца длинное Доп инфо дедотца длинное Доп инфо дедотца длинное Доп инфо дедотца длинное Доп инфо дедотца длинное Доп инфо дедотца длинное Доп инфо дедотца длинное Доп инфо дедотца длинное Доп инфо дедотца длинное Доп инфо дедотца длинное Доп инфо дедотца длинное Доп инфо дедотца длинное Доп инфо дедотца длинное Доп инфо дедотца длинное Доп инфо дедотца длинное Доп инфо дедотца длинное Доп инфо дедотца длинное Доп инфо дедотца длинное Доп инфо дедотца длинное Доп инфо дедотца длинное Доп инфо дедотца длинное Доп инфо дедотца длинное Доп инфо дедотца длинное Доп инфо дедотца длинное Доп инфо дедотца длинное Доп инфо дедотца длинное Доп инфо дедотца длинное Доп инфо дедотца длинное Доп инфо дедотца длинное Доп инфо дедотца длинное Доп инфо дедотца длинное Доп инфо дедотца длинное Доп инфо дедотца длинное Доп инфо дедотца длинное Доп инфо дедотца длинное Доп инфо дедотца длинное м","Баботца","Баботцадефвам","Баботца","Гольштейн-романова","1885-12-05","Дублин","Образование баботца","Дворяне","","","","","","","Документы баботца","Доп инфо баботца длинное Доп инфо баботца длинное Доп инфо баботца длинное Доп инфо баботца длинное Доп инфо баботца длинное Доп инфо баботца длинное Доп инфо баботца длинное Доп инфо баботца длинное Доп инфо баботца длинное Доп инфо баботца длинное Доп инфо баботца длинное Доп инфо баботца длинное Доп инфо баботца длинное Доп инфо баботца длинное Доп инфо баботца длинное Доп инфо баботца длинное Доп инфо баботца длинное Доп инфо баботца длинное Доп инфо баботца длинное Доп инфо баботца длинное Доп инфо баботца длинное Доп инфо баботца длинное Доп инфо баботца длинное Доп инфо баботца длинное Доп инфо баботца длинное Доп инфо баботца длинное Доп инфо баботца длинное Доп инфо баботца длинное Доп инфо баботца длинное Доп инфо баботца длинное Доп инфо баботца длинное Доп инфо баботца длинное Доп инфо баботца длинное Доп инфо баботца длинное Доп инфо баботца длинное Доп инфо баботца длинное Доп инфо баботца длинное Доп инфо баботца длинное Доп инфо баботца длинное Доп инфо баботца длинное Доп инфо баботца длинное Доп инфо баботца длинное Доп инфо баботца длинное Доп инфо баботца длинное Доп инфо баботца длинное Доп инфо баботца длинное Доп инфо баботца длинное Доп инфо баботца длинное Доп инфо баботца длинное ","Дедушкамам","Отображения","Предпросмотра","1992-05-14","","","","","Служба дедомам","","","","","","Доп инфо дедомам","Бабушкамам","Brown","Kevin","Петрович","","","","","Профессия Бабомам","","","Репрессии бабомам","Ачивки бабомам","Истории бабомам","Документы бабомам","Доп инфо бабомам","yes","[{""names"":{""lastName"":""Отображения"",""maidenName"":""Проверка"",""firstName"":""Отображения Предпросмотра Проверка"",""middleName"":""Отображения Предпросмотра Проверка""},""lifeYears"":{""birthDate"":{""date"":""1988-11-11""},""birthPlace"":{""historicalName"":""""}},""socialStatus"":{""estate"":""Сословие предок1""},""profession"":{""mainOccupation"":""""},""education"":""Образвание предок1"",""militaryService"":"""",""warParticipation"":"""",""repressions"":""Репрессии предок 1 "",""achievements"":""Ачивки предок1"",""character"":""Истории предок1"",""additionalInfo"":""Доп инфо предок1\nДоп инфо предок1"",""relationship"":""Двоюродный дядя"",""documents"":""""},{""names"":{""lastName"":"""",""maidenName"":"""",""firstName"":"""",""middleName"":""""},""lifeYears"":{""birthDate"":{""date"":""""},""birthPlace"":{""historicalName"":""""}},""socialStatus"":{""estate"":""""},""profession"":{""mainOccupation"":""""},""education"":"""",""militaryService"":"""",""warParticipation"":"""",""repressions"":"""",""achievements"":"""",""character"":"""",""additionalInfo"":"""",""relationship"":"""",""documents"":""""},{""names"":{""lastName"":""Предок3"",""maidenName"":""ППредок3дефвам"",""firstName"":""Имяпредок3"",""middleName"":""ОтчествоПРедок3""},""lifeYears"":{""birthDate"":{""date"":""1992-09-11""},""birthPlace"":{""historicalName"":""""}},""socialStatus"":{""estate"":""""},""profession"":{""mainOccupation"":""""},""education"":"""",""militaryService"":"""",""warParticipation"":"""",""repressions"":"""",""achievements"":"""",""character"":"""",""additionalInfo"":""Доп инфо предку 3"",""relationship"":""Троюродная тета по бабушкиной линии"",""documents"":""Документы по предку 3""}]","[{""year"":""1930-1932"",""place"":{""historicalName"":""Бобруйск "",""countryAtTime"":""Израель""},""reason"":""Переезд1""}]","Праздники","Ритуалы","Блюда","Рецепты","Православие","Практики","Легенды","События","Реликвии","История реликвий","Русский","Слова и диалекиты","Доп информация из шага 9 Доп информация из шага 9 Доп информация из шага 9 Доп информация из шага 9 Доп информация из шага 9 Доп информация из шага 9 Доп информация из шага 9 Доп информация из шага 9 Доп информация из шага 9 Доп информация из шага 9 Доп информация из шага 9 Доп информация из шага 9 Доп информация из шага 9 Доп информация из шага 9 Доп информация из шага 9 Доп информация из шага 9 Доп информация из шага 9 Доп информация из шага 9 Доп информация из шага 9 Доп информация из шага 9 Доп информация из шага 9 Доп информация из шага 9 Доп информация из шага 9 Доп информация из шага 9 Доп информация из шага 9 Доп информация из шага 9 Доп информация из шага 9 Доп информация из шага 9 Доп информация из шага 9 Доп информация из шага 9 Доп информация из шага 9 Доп информация из шага 9 Доп информация из шага 9 Доп информация из шага 9 Доп информация из шага 9 Доп информация из шага 9 Доп информация из шага 9 Доп информация из шага 9 Доп информация из шага 9 Доп информация из шага 9 Доп информация из шага 9 Доп информация из шага 9 Доп информация из шага 9 Доп информация из шага 9 Доп информация из шага 9 Доп информация из шага 9 Доп информация из шага 9 Доп информация из шага 9 Доп информация из шага 9 Доп информация из шага 9 Доп информация из шага 9 Доп информация из шага 9 Доп информация из шага 9 Доп информация из шага 9 Доп информация из шага 9 Доп информация из шага 9 Доп информация из шага 9 Доп информация из шага 9 Доп информация из шага 9 Доп информация из шага 9 Доп информация из шага 9 Доп информация из шага 9 Доп информация из шага 9 Доп информация из шага 9 Доп информация из шага 9 Доп информация из шага 9 Доп информация из шага 9 Доп информация из шага 9 Доп информация из шага 9 Доп информация из шага 9 Доп информация из шага 9 Доп информация из шага 9 Доп информация из шага 9 Доп информация из шага 9 Доп информация из шага 9 Доп информация из шага 9 Доп информация из шага 9 Доп информация из шага 9 Доп информация из шага 9 Доп информация из шага 9 Доп информация из шага 9 Доп информация из шага 9 Доп информация из шага 9 Доп информация из шага 9 Доп информация из шага 9 Доп информация из шага 9 Доп информация из шага 9 Доп информация из шага 9 Доп информация из шага 9 Доп информация из шага 9 Доп информация из шага 9 Доп информация из шага 9 Доп информация из шага 9 Доп информация из шага 9 Доп информация из шага 9 Доп информация из шага 9 Доп информация из шага 9 Доп информация из шага 9 Доп информация из шага 9 Доп информация из шага 9 Доп информация из шага 9 Доп информация из шага 9 Доп информация из шага 9 Доп информация из шага 9 Доп информация из шага 9 Доп информация из шага 9 Доп информация из шага 9 Доп информация из шага 9 Доп информация из шага 9 Доп информация из шага 9 Доп информация из шага 9 Доп информация из шага 9 Доп информация из шага 9 Доп информация из шага 9 Доп информация из шага 9 Доп информация из шага 9 Доп информация из шага 9 Доп информация из шага 9 Доп информация из шага 9 Доп информация из шага 9 Доп информация из шага 9 Доп информация из шага 9 Доп информация из шага 9 Доп информация из шага 9 Доп информация из шага 9 Доп информация из шага 9 Доп информация из шага 9 Доп информация из шага 9 Доп информация из шага 9 Доп информация из шага 9 Доп информация из шага 9 Доп информация из шага 9 Доп информация из шага 9 Доп информация из шага 9 Доп информация из шага 9 Доп информация из шага 9 Доп информация из шага 9 Доп информация из шага 9 Доп информация из шага 9 Доп информация из шага 9 Доп информация из шага 9 Доп информация из шага 9 Доп информация из шага 9 Доп информация из шага 9 Доп информация из шага 9 Доп информация из шага 9 Доп информация из шага 9 Доп информация из шага 9 Доп информация из шага 9 Доп информация из шага 9 Доп информация из шага 9 Доп информация из шага 9 Доп информация из шага 9 Доп информация из шага 9 Доп информация из шага 9 Доп информация из шага 9 Доп информация из шага 9 Доп информация из шага 9 Доп информация из шага 9 Доп информация из шага 9 Доп информация из шага 9 Доп информация из шага 9 Доп информация из шага 9 Доп информация из шага 9 Доп информация из шага 9 Доп информация из шага 9 Доп информация из шага 9 Доп информация из шага 9 Доп информация из шага 9 Доп информация из шага 9 Доп информация из шага 9 Доп информация из шага 9 Доп информация из шага 9 Доп информация из шага 9 Доп информация из шага 9 Доп информация из шага 9 Доп информация из шага 9 Доп информация из шага 9 Доп информация из шага 9 Доп информация из шага 9 Доп информация из шага 9 Доп информация из шага 9 Доп информация из шага 9 Доп информация из шага 9 Доп информация из шага 9 Доп информация из шага 9 Доп информация из шага 9 Доп информация из шага 9 Доп информация из шага 9 Доп информация из шага 9 Доп информация из шага 9 Доп информация из шага 9 Доп информация из шага 9 Доп информация из шага 9 Доп информация из шага 9 Доп информация из шага 9 Доп информация из шага 9 Доп информация из шага 9 Доп информация из шага 9 Доп информация из шага 9 Доп информация из шага 9 Доп информация из шага 9 Доп информация из шага 9 Доп информация из шага 9 Доп информация из шага 9 Доп информация из шага 9 Доп информация из шага 9 Доп информация из шага 9 Доп информация из шага 9 Доп информация из шага 9 Доп информация из шага 9 Доп информация из шага 9 Доп информация из шага 9 Доп информация из шага 9 Доп информация из шага 9 Доп информация из шага 9 Доп информация из шага 9 Доп информация из шага 9 Доп информация из шага 9 Доп информация из шага 9 Доп информация из шага 9 Доп информация из шага 9 Доп информация из шага 9 Доп информация из шага 9 Доп информация из шага 9 Доп информация из шага 9 Доп информация из шага 9 Доп информация из шага 9 Доп информация из шага 9 Доп информация из шага 9 Доп информация из шага 9 Доп информация из шага 9 Доп информация из шага 9 Доп информация из шага 9 Доп информация из шага 9 Доп информация из шага 9 Доп информация из шага 9 Доп информация из шага 9 Доп информация из шага 9 Доп информация из шага 9 Доп информация из шага 9 Доп информация из шага 9 Доп информация из шага 9 Доп информация из шага 9 Доп информация из шага 9 Доп информация из шага 9 Доп информация из шага 9 Доп информация из шага 9 Доп информация из шага 9 Доп информация из шага 9 Доп информация из шага 9 Доп информация из шага 9 Доп информация из шага 9 Доп информация из шага 9 Доп информация из шага 9 Доп информация из шага 9 Доп информация из шага 9 Доп информация из шага 9 Доп информация из шага 9 Доп информация из шага 9 Доп информация из шага 9 Доп информация из шага 9 Доп информация из шага 9 Доп информация из шага 9 Доп информация из шага 9 Доп информация из шага 9 "
